{"Pastry Accuracy": 0.8350676378772113, "Pastry F1 Score": 0.35873229939312207, "Pastry Precision": 0.25601539942252166, "Pastry Recall": 0.5990990990990991, "_timestamp": 1725280712.422548, "_runtime": 26.583035945892334, "_step": 6, "Z_Scratch Accuracy": 0.9361775927852931, "Z_Scratch F1 Score": 0.5827664399092971, "Z_Scratch Precision": 0.4706959706959707, "Z_Scratch Recall": 0.7648809523809523, "K_Scatch Accuracy": 0.9595907041276448, "K_Scatch F1 Score": 0.8906616611919287, "K_Scatch Precision": 0.8564981949458483, "K_Scatch Recall": 0.927663734115347, "Stains Accuracy": 0.9816163718348943, "Stains F1 Score": 0.736318407960199, "Stains Precision": 0.6141078838174274, "Stains Recall": 0.9192546583850931, "Dirtiness Accuracy": 0.9094693028095734, "Dirtiness F1 Score": 0.239067055393586, "Dirtiness Precision": 0.15045871559633028, "Dirtiness Recall": 0.5815602836879432, "Bumps Accuracy": 0.7644814429413805, "Bumps F1 Score": 0.5238429172510519, "Bumps Precision": 0.51340206185567, "Bumps Recall": 0.5347172512526843, "Other_Faults Accuracy": 0.6614637530350329, "Other_Faults F1 Score": 0.47071583514099785, "Other_Faults Precision": 0.5178997613365155, "Other_Faults Recall": 0.43141153081510936, "_wandb": {"runtime": 7}}