{"Pastry Accuracy": 0.8354144987859868, "Pastry F1 Score": 0.3677548301132578, "Pastry Precision": 0.261116367076632, "Pastry Recall": 0.6216216216216216, "_timestamp": 1725286167.151437, "_runtime": 5.618133068084717, "_step": 6, "Z_Scratch Accuracy": 0.9360041623309053, "Z_Scratch F1 Score": 0.5821064552661381, "Z_Scratch Precision": 0.46983546617915906, "Z_Scratch Recall": 0.7648809523809523, "K_Scatch Accuracy": 0.9599375650364204, "K_Scatch F1 Score": 0.8914983560356975, "K_Scatch Precision": 0.8580470162748643, "K_Scatch Recall": 0.927663734115347, "Stains Accuracy": 0.981789802289282, "Stains F1 Score": 0.7368421052631579, "Stains Precision": 0.6176470588235294, "Stains Recall": 0.9130434782608695, "Dirtiness Accuracy": 0.912244190079778, "Dirtiness F1 Score": 0.24024024024024024, "Dirtiness Precision": 0.1523809523809524, "Dirtiness Recall": 0.5673758865248227, "Bumps Accuracy": 0.7596253902185224, "Bumps F1 Score": 0.5147058823529411, "Bumps Precision": 0.5037697052775874, "Bumps Recall": 0.5261274158911954, "Other_Faults Accuracy": 0.663891779396462, "Other_Faults F1 Score": 0.47706422018348627, "Other_Faults Precision": 0.5218417945690673, "Other_Faults Recall": 0.4393638170974155, "_wandb": {"runtime": 5}}